"filename", "language", "JSON", "JavaScript", "XML", "Swift", "TypeScript", "JSON with Comments", "Properties", "C++", "Project.pbxproj", "comment", "blank", "total"
"/Users/tha/Desktop/uni/uog/Project/GIT/Code/backend/.env", "Properties", 0, 0, 0, 0, 0, 0, 6, 0, 0, 2, 2, 10
"/Users/tha/Desktop/uni/uog/Project/GIT/Code/backend/app.js", "JavaScript", 0, 24, 0, 0, 0, 0, 0, 0, 0, 22, 28, 74
"/Users/tha/Desktop/uni/uog/Project/GIT/Code/backend/configs/db.config.js", "JavaScript", 0, 7, 0, 0, 0, 0, 0, 0, 0, 0, 1, 8
"/Users/tha/Desktop/uni/uog/Project/GIT/Code/backend/configs/jwt.config.js", "JavaScript", 0, 4, 0, 0, 0, 0, 0, 0, 0, 0, 1, 5
"/Users/tha/Desktop/uni/uog/Project/GIT/Code/backend/controllers/attendance.js", "JavaScript", 0, 264, 0, 0, 0, 0, 0, 0, 0, 47, 58, 369
"/Users/tha/Desktop/uni/uog/Project/GIT/Code/backend/controllers/department.js", "JavaScript", 0, 49, 0, 0, 0, 0, 0, 0, 0, 1, 11, 61
"/Users/tha/Desktop/uni/uog/Project/GIT/Code/backend/controllers/designation.js", "JavaScript", 0, 93, 0, 0, 0, 0, 0, 0, 0, 2, 22, 117
"/Users/tha/Desktop/uni/uog/Project/GIT/Code/backend/controllers/holiday.js", "JavaScript", 0, 73, 0, 0, 0, 0, 0, 0, 0, 8, 27, 108
"/Users/tha/Desktop/uni/uog/Project/GIT/Code/backend/controllers/leave.js", "JavaScript", 0, 321, 0, 0, 0, 0, 0, 0, 0, 90, 104, 515
"/Users/tha/Desktop/uni/uog/Project/GIT/Code/backend/controllers/login.js", "JavaScript", 0, 30, 0, 0, 0, 0, 0, 0, 0, 3, 4, 37
"/Users/tha/Desktop/uni/uog/Project/GIT/Code/backend/controllers/notifications.js", "JavaScript", 0, 19, 0, 0, 0, 0, 0, 0, 0, 0, 2, 21
"/Users/tha/Desktop/uni/uog/Project/GIT/Code/backend/controllers/overtime.js", "JavaScript", 0, 212, 0, 0, 0, 0, 0, 0, 0, 10, 50, 272
"/Users/tha/Desktop/uni/uog/Project/GIT/Code/backend/controllers/shift.js", "JavaScript", 0, 99, 0, 0, 0, 0, 0, 0, 0, 4, 13, 116
"/Users/tha/Desktop/uni/uog/Project/GIT/Code/backend/controllers/statistic.js", "JavaScript", 0, 34, 0, 0, 0, 0, 0, 0, 0, 0, 6, 40
"/Users/tha/Desktop/uni/uog/Project/GIT/Code/backend/controllers/user.js", "JavaScript", 0, 326, 0, 0, 0, 0, 0, 0, 0, 61, 79, 466
"/Users/tha/Desktop/uni/uog/Project/GIT/Code/backend/crons/create_user_attendances.js", "JavaScript", 0, 50, 0, 0, 0, 0, 0, 0, 0, 5, 15, 70
"/Users/tha/Desktop/uni/uog/Project/GIT/Code/backend/crons/index.cron.js", "JavaScript", 0, 9, 0, 0, 0, 0, 0, 0, 0, 0, 2, 11
"/Users/tha/Desktop/uni/uog/Project/GIT/Code/backend/crons/log_address.cron.js", "JavaScript", 0, 12, 0, 0, 0, 0, 0, 0, 0, 0, 2, 14
"/Users/tha/Desktop/uni/uog/Project/GIT/Code/backend/dao/files.js", "JavaScript", 0, 24, 0, 0, 0, 0, 0, 0, 0, 12, 8, 44
"/Users/tha/Desktop/uni/uog/Project/GIT/Code/backend/dao/users.js", "JavaScript", 0, 99, 0, 0, 0, 0, 0, 0, 0, 5, 11, 115
"/Users/tha/Desktop/uni/uog/Project/GIT/Code/backend/index.ts", "TypeScript", 0, 0, 0, 0, 13, 0, 0, 0, 0, 2, 5, 20
"/Users/tha/Desktop/uni/uog/Project/GIT/Code/backend/jwt.js", "JavaScript", 0, 8, 0, 0, 0, 0, 0, 0, 0, 0, 2, 10
"/Users/tha/Desktop/uni/uog/Project/GIT/Code/backend/list-routes.ts", "TypeScript", 0, 0, 0, 0, 3, 0, 0, 0, 0, 0, 1, 4
"/Users/tha/Desktop/uni/uog/Project/GIT/Code/backend/middlewares/404.js", "JavaScript", 0, 4, 0, 0, 0, 0, 0, 0, 0, 0, 0, 4
"/Users/tha/Desktop/uni/uog/Project/GIT/Code/backend/middlewares/500.js", "JavaScript", 0, 11, 0, 0, 0, 0, 0, 0, 0, 3, 0, 14
"/Users/tha/Desktop/uni/uog/Project/GIT/Code/backend/middlewares/authenticated.js", "JavaScript", 0, 32, 0, 0, 0, 0, 0, 0, 0, 6, 13, 51
"/Users/tha/Desktop/uni/uog/Project/GIT/Code/backend/middlewares/formidable-multipart.js", "JavaScript", 0, 22, 0, 0, 0, 0, 0, 0, 0, 9, 5, 36
"/Users/tha/Desktop/uni/uog/Project/GIT/Code/backend/middlewares/log.js", "JavaScript", 0, 5, 0, 0, 0, 0, 0, 0, 0, 0, 0, 5
"/Users/tha/Desktop/uni/uog/Project/GIT/Code/backend/middlewares/role-limitation.js", "JavaScript", 0, 18, 0, 0, 0, 0, 0, 0, 0, 2, 7, 27
"/Users/tha/Desktop/uni/uog/Project/GIT/Code/backend/middlewares/zod.js", "JavaScript", 0, 10, 0, 0, 0, 0, 0, 0, 0, 11, 0, 21
"/Users/tha/Desktop/uni/uog/Project/GIT/Code/backend/migration.js", "JavaScript", 0, 5, 0, 0, 0, 0, 0, 0, 0, 0, 1, 6
"/Users/tha/Desktop/uni/uog/Project/GIT/Code/backend/migrations/1709298577459_create_table_users.js", "JavaScript", 0, 31, 0, 0, 0, 0, 0, 0, 0, 0, 0, 31
"/Users/tha/Desktop/uni/uog/Project/GIT/Code/backend/migrations/1709300900527_create_table_roles.js", "JavaScript", 0, 11, 0, 0, 0, 0, 0, 0, 0, 1, 0, 12
"/Users/tha/Desktop/uni/uog/Project/GIT/Code/backend/migrations/1709302629931_seed_roles.js", "JavaScript", 0, 11, 0, 0, 0, 0, 0, 0, 0, 0, 0, 11
"/Users/tha/Desktop/uni/uog/Project/GIT/Code/backend/migrations/1709304238152_users_add_fk_role_id.js", "JavaScript", 0, 11, 0, 0, 0, 0, 0, 0, 0, 0, 0, 11
"/Users/tha/Desktop/uni/uog/Project/GIT/Code/backend/migrations/1709308594538_create_table_departments.js", "JavaScript", 0, 11, 0, 0, 0, 0, 0, 0, 0, 0, 0, 11
"/Users/tha/Desktop/uni/uog/Project/GIT/Code/backend/migrations/1709308605107_create_table_designations.js", "JavaScript", 0, 14, 0, 0, 0, 0, 0, 0, 0, 0, 0, 14
"/Users/tha/Desktop/uni/uog/Project/GIT/Code/backend/migrations/1709315420437_create_report_to.js", "JavaScript", 0, 10, 0, 0, 0, 0, 0, 0, 0, 0, 0, 10
"/Users/tha/Desktop/uni/uog/Project/GIT/Code/backend/migrations/1709315923943_users_add_department_id.js", "JavaScript", 0, 4, 0, 0, 0, 0, 0, 0, 0, 0, 0, 4
"/Users/tha/Desktop/uni/uog/Project/GIT/Code/backend/migrations/1709315936286_users_add_fk_department_id.js", "JavaScript", 0, 6, 0, 0, 0, 0, 0, 0, 0, 0, 0, 6
"/Users/tha/Desktop/uni/uog/Project/GIT/Code/backend/migrations/1709317478622_users_add_designation_id.js", "JavaScript", 0, 4, 0, 0, 0, 0, 0, 0, 0, 0, 0, 4
"/Users/tha/Desktop/uni/uog/Project/GIT/Code/backend/migrations/1709317484666_users_add_fk_designation_id.js", "JavaScript", 0, 6, 0, 0, 0, 0, 0, 0, 0, 0, 0, 6
"/Users/tha/Desktop/uni/uog/Project/GIT/Code/backend/migrations/1709317931204_seed_admin_user.js", "JavaScript", 0, 12, 0, 0, 0, 0, 0, 0, 0, 0, 1, 13
"/Users/tha/Desktop/uni/uog/Project/GIT/Code/backend/migrations/1709533659186_create_table_files.js", "JavaScript", 0, 14, 0, 0, 0, 0, 0, 0, 0, 0, 0, 14
"/Users/tha/Desktop/uni/uog/Project/GIT/Code/backend/migrations/1709969858016_users_add_avatar_id.js", "JavaScript", 0, 4, 0, 0, 0, 0, 0, 0, 0, 0, 0, 4
"/Users/tha/Desktop/uni/uog/Project/GIT/Code/backend/migrations/1709969910025_users_add_fk_avatar_id.js", "JavaScript", 0, 6, 0, 0, 0, 0, 0, 0, 0, 0, 0, 6
"/Users/tha/Desktop/uni/uog/Project/GIT/Code/backend/migrations/1709982398109_users_add_employment_agreement_id.js", "JavaScript", 0, 10, 0, 0, 0, 0, 0, 0, 0, 0, 0, 10
"/Users/tha/Desktop/uni/uog/Project/GIT/Code/backend/migrations/1709982456595_users_add_fk_employment_agreement_id.js", "JavaScript", 0, 11, 0, 0, 0, 0, 0, 0, 0, 0, 0, 11
"/Users/tha/Desktop/uni/uog/Project/GIT/Code/backend/migrations/1710946902635_timebox_2.js", "JavaScript", 0, 8, 0, 0, 0, 0, 0, 0, 0, 0, 0, 8
"/Users/tha/Desktop/uni/uog/Project/GIT/Code/backend/migrations/1710946915413_create_table_holidays.js", "JavaScript", 0, 14, 0, 0, 0, 0, 0, 0, 0, 0, 1, 15
"/Users/tha/Desktop/uni/uog/Project/GIT/Code/backend/migrations/1710975501824_users_add_col_report_to.js", "JavaScript", 0, 10, 0, 0, 0, 0, 0, 0, 0, 0, 2, 12
"/Users/tha/Desktop/uni/uog/Project/GIT/Code/backend/migrations/1711004088235_users_add_fk_report_to_user_id.js", "JavaScript", 0, 11, 0, 0, 0, 0, 0, 0, 0, 0, 1, 12
"/Users/tha/Desktop/uni/uog/Project/GIT/Code/backend/migrations/1711005294157_create_table_leaves.js", "JavaScript", 0, 20, 0, 0, 0, 0, 0, 0, 0, 0, 0, 20
"/Users/tha/Desktop/uni/uog/Project/GIT/Code/backend/migrations/1711006245087_create_table_users_leaves.js", "JavaScript", 0, 19, 0, 0, 0, 0, 0, 0, 0, 0, 1, 20
"/Users/tha/Desktop/uni/uog/Project/GIT/Code/backend/migrations/1711006804474_create_table_users_leaves_requests.js", "JavaScript", 0, 37, 0, 0, 0, 0, 0, 0, 0, 0, 3, 40
"/Users/tha/Desktop/uni/uog/Project/GIT/Code/backend/migrations/1711164944443_create_table_users_notifications.js", "JavaScript", 0, 24, 0, 0, 0, 0, 0, 0, 0, 0, 3, 27
"/Users/tha/Desktop/uni/uog/Project/GIT/Code/backend/migrations/1711189195370_create_table_users_shifts.js", "JavaScript", 0, 18, 0, 0, 0, 0, 0, 0, 0, 0, 2, 20
"/Users/tha/Desktop/uni/uog/Project/GIT/Code/backend/migrations/1711190162438_create_table_users_attendances.js", "JavaScript", 0, 22, 0, 0, 0, 0, 0, 0, 0, 0, 3, 25
"/Users/tha/Desktop/uni/uog/Project/GIT/Code/backend/migrations/1711191242243_create_table_users_attendances_requests.js", "JavaScript", 0, 34, 0, 0, 0, 0, 0, 0, 0, 0, 6, 40
"/Users/tha/Desktop/uni/uog/Project/GIT/Code/backend/migrations/1711211607265_users_overtimes_requests.js", "JavaScript", 0, 29, 0, 0, 0, 0, 0, 0, 0, 0, 5, 34
"/Users/tha/Desktop/uni/uog/Project/GIT/Code/backend/migrations/1711220374966_users_notifications_add_col_attendance_request_id.js", "JavaScript", 0, 9, 0, 0, 0, 0, 0, 0, 0, 0, 0, 9
"/Users/tha/Desktop/uni/uog/Project/GIT/Code/backend/migrations/1711220381024_users_notifications_add_fk_attendance_request_id.js", "JavaScript", 0, 12, 0, 0, 0, 0, 0, 0, 0, 0, 0, 12
"/Users/tha/Desktop/uni/uog/Project/GIT/Code/backend/migrations/1711220671937_users_notifications_add_col_overtime_request_id.js", "JavaScript", 0, 9, 0, 0, 0, 0, 0, 0, 0, 0, 0, 9
"/Users/tha/Desktop/uni/uog/Project/GIT/Code/backend/migrations/1711220677975_users_notifications_add_fk_overtime_request_id.js", "JavaScript", 0, 12, 0, 0, 0, 0, 0, 0, 0, 0, 0, 12
"/Users/tha/Desktop/uni/uog/Project/GIT/Code/backend/migrations/1711222542015_seed_users_shifts.js", "JavaScript", 0, 24, 0, 0, 0, 0, 0, 0, 0, 0, 1, 25
"/Users/tha/Desktop/uni/uog/Project/GIT/Code/backend/mysql.js", "JavaScript", 0, 6, 0, 0, 0, 0, 0, 0, 0, 0, 2, 8
"/Users/tha/Desktop/uni/uog/Project/GIT/Code/backend/nodemon.json", "JSON", 6, 0, 0, 0, 0, 0, 0, 0, 0, 0, 0, 6
"/Users/tha/Desktop/uni/uog/Project/GIT/Code/backend/package-lock.json", "JSON", 1897, 0, 0, 0, 0, 0, 0, 0, 0, 0, 1, 1898
"/Users/tha/Desktop/uni/uog/Project/GIT/Code/backend/package.json", "JSON", 37, 0, 0, 0, 0, 0, 0, 0, 0, 0, 1, 38
"/Users/tha/Desktop/uni/uog/Project/GIT/Code/backend/routes/attendance.js", "JavaScript", 0, 18, 0, 0, 0, 0, 0, 0, 0, 0, 4, 22
"/Users/tha/Desktop/uni/uog/Project/GIT/Code/backend/routes/auth.js", "JavaScript", 0, 7, 0, 0, 0, 0, 0, 0, 0, 2, 3, 12
"/Users/tha/Desktop/uni/uog/Project/GIT/Code/backend/routes/department.js", "JavaScript", 0, 13, 0, 0, 0, 0, 0, 0, 0, 6, 5, 24
"/Users/tha/Desktop/uni/uog/Project/GIT/Code/backend/routes/designation.js", "JavaScript", 0, 14, 0, 0, 0, 0, 0, 0, 0, 6, 5, 25
"/Users/tha/Desktop/uni/uog/Project/GIT/Code/backend/routes/holidays.js", "JavaScript", 0, 14, 0, 0, 0, 0, 0, 0, 0, 10, 8, 32
"/Users/tha/Desktop/uni/uog/Project/GIT/Code/backend/routes/leaves.js", "JavaScript", 0, 21, 0, 0, 0, 0, 0, 0, 0, 7, 12, 40
"/Users/tha/Desktop/uni/uog/Project/GIT/Code/backend/routes/notifications.js", "JavaScript", 0, 9, 0, 0, 0, 0, 0, 0, 0, 3, 4, 16
"/Users/tha/Desktop/uni/uog/Project/GIT/Code/backend/routes/overtime.js", "JavaScript", 0, 18, 0, 0, 0, 0, 0, 0, 0, 0, 4, 22
"/Users/tha/Desktop/uni/uog/Project/GIT/Code/backend/routes/shift.js", "JavaScript", 0, 14, 0, 0, 0, 0, 0, 0, 0, 0, 4, 18
"/Users/tha/Desktop/uni/uog/Project/GIT/Code/backend/routes/statistics.js", "JavaScript", 0, 8, 0, 0, 0, 0, 0, 0, 0, 7, 6, 21
"/Users/tha/Desktop/uni/uog/Project/GIT/Code/backend/routes/user.js", "JavaScript", 0, 24, 0, 0, 0, 0, 0, 0, 0, 6, 12, 42
"/Users/tha/Desktop/uni/uog/Project/GIT/Code/backend/services/fileHandling.js", "JavaScript", 0, 54, 0, 0, 0, 0, 0, 0, 0, 29, 7, 90
"/Users/tha/Desktop/uni/uog/Project/GIT/Code/backend/tsconfig.json", "JSON with Comments", 0, 0, 0, 0, 0, 15, 0, 0, 0, 87, 9, 111
"/Users/tha/Desktop/uni/uog/Project/GIT/Code/backend/utils/date.ts", "TypeScript", 0, 0, 0, 0, 24, 0, 0, 0, 0, 2, 13, 39
"/Users/tha/Desktop/uni/uog/Project/GIT/Code/backend/utils/datefns-fast-wrapper.ts", "TypeScript", 0, 0, 0, 0, 4, 0, 0, 0, 0, 0, 4, 8
"/Users/tha/Desktop/uni/uog/Project/GIT/Code/backend/utils/filteredObject.ts", "TypeScript", 0, 0, 0, 0, 12, 0, 0, 0, 0, 14, 4, 30
"/Users/tha/Desktop/uni/uog/Project/GIT/Code/color-gen.js", "JavaScript", 0, 26, 0, 0, 0, 0, 0, 0, 0, 3, 9, 38
"/Users/tha/Desktop/uni/uog/Project/GIT/Code/icons/ios/icon/cross.svg", "XML", 0, 0, 4, 0, 0, 0, 0, 0, 0, 0, 1, 5
"/Users/tha/Desktop/uni/uog/Project/GIT/Code/ios/Playground.playground/Contents.swift", "Swift", 0, 0, 0, 6, 0, 0, 0, 0, 0, 7, 5, 18
"/Users/tha/Desktop/uni/uog/Project/GIT/Code/ios/fyp/TANetworking/TANetworking.h", "C++", 0, 0, 0, 0, 0, 0, 0, 3, 0, 9, 7, 19
"/Users/tha/Desktop/uni/uog/Project/GIT/Code/ios/fyp/TANetworking/ext/String+Error.swift", "Swift", 0, 0, 0, 4, 0, 0, 0, 0, 0, 6, 3, 13
"/Users/tha/Desktop/uni/uog/Project/GIT/Code/ios/fyp/TANetworking/src/AttendanceService.swift", "Swift", 0, 0, 0, 141, 0, 0, 0, 0, 0, 7, 43, 191
"/Users/tha/Desktop/uni/uog/Project/GIT/Code/ios/fyp/TANetworking/src/Config.swift", "Swift", 0, 0, 0, 56, 0, 0, 0, 0, 0, 13, 26, 95
"/Users/tha/Desktop/uni/uog/Project/GIT/Code/ios/fyp/TANetworking/src/LeaveService.swift", "Swift", 0, 0, 0, 136, 0, 0, 0, 0, 0, 13, 42, 191
"/Users/tha/Desktop/uni/uog/Project/GIT/Code/ios/fyp/TANetworking/src/LoginService.swift", "Swift", 0, 0, 0, 19, 0, 0, 0, 0, 0, 6, 8, 33
"/Users/tha/Desktop/uni/uog/Project/GIT/Code/ios/fyp/TANetworking/src/NotificationService.swift", "Swift", 0, 0, 0, 42, 0, 0, 0, 0, 0, 12, 18, 72
"/Users/tha/Desktop/uni/uog/Project/GIT/Code/ios/fyp/TANetworking/src/OvertimeService.swift", "Swift", 0, 0, 0, 141, 0, 0, 0, 0, 0, 7, 43, 191
"/Users/tha/Desktop/uni/uog/Project/GIT/Code/ios/fyp/TANetworking/src/UserService.swift", "Swift", 0, 0, 0, 82, 0, 0, 0, 0, 0, 9, 20, 111
"/Users/tha/Desktop/uni/uog/Project/GIT/Code/ios/fyp/TANetworking/src/data/AttendanceData.swift", "Swift", 0, 0, 0, 33, 0, 0, 0, 0, 0, 6, 4, 43
"/Users/tha/Desktop/uni/uog/Project/GIT/Code/ios/fyp/TANetworking/src/data/AttendanceRequestData.swift", "Swift", 0, 0, 0, 53, 0, 0, 0, 0, 0, 6, 4, 63
"/Users/tha/Desktop/uni/uog/Project/GIT/Code/ios/fyp/TANetworking/src/data/LeaveBalanceData.swift", "Swift", 0, 0, 0, 12, 0, 0, 0, 0, 0, 6, 3, 21
"/Users/tha/Desktop/uni/uog/Project/GIT/Code/ios/fyp/TANetworking/src/data/LeaveRequestData.swift", "Swift", 0, 0, 0, 55, 0, 0, 0, 0, 0, 6, 4, 65
"/Users/tha/Desktop/uni/uog/Project/GIT/Code/ios/fyp/TANetworking/src/data/LoginData.swift", "Swift", 0, 0, 0, 4, 0, 0, 0, 0, 0, 6, 3, 13
"/Users/tha/Desktop/uni/uog/Project/GIT/Code/ios/fyp/TANetworking/src/data/ManagerData.swift", "Swift", 0, 0, 0, 17, 0, 0, 0, 0, 0, 6, 4, 27
"/Users/tha/Desktop/uni/uog/Project/GIT/Code/ios/fyp/TANetworking/src/data/NotificationData.swift", "Swift", 0, 0, 0, 27, 0, 0, 0, 0, 0, 6, 4, 37
"/Users/tha/Desktop/uni/uog/Project/GIT/Code/ios/fyp/TANetworking/src/data/OvertimeData.swift", "Swift", 0, 0, 0, 11, 0, 0, 0, 0, 0, 6, 4, 21
"/Users/tha/Desktop/uni/uog/Project/GIT/Code/ios/fyp/TANetworking/src/data/OvertimeRequestData.swift", "Swift", 0, 0, 0, 47, 0, 0, 0, 0, 0, 6, 4, 57
"/Users/tha/Desktop/uni/uog/Project/GIT/Code/ios/fyp/TANetworking/src/data/TeamMemberData.swift", "Swift", 0, 0, 0, 31, 0, 0, 0, 0, 0, 8, 4, 43
"/Users/tha/Desktop/uni/uog/Project/GIT/Code/ios/fyp/TANetworking/src/data/UserData.swift", "Swift", 0, 0, 0, 69, 0, 0, 0, 0, 0, 6, 27, 102
"/Users/tha/Desktop/uni/uog/Project/GIT/Code/ios/fyp/fyp.xcodeproj/project.pbxproj", "Project.pbxproj", 0, 0, 0, 0, 0, 0, 0, 0, 1725, 33, 17, 1775
"/Users/tha/Desktop/uni/uog/Project/GIT/Code/ios/fyp/fyp/Assets.xcassets/AccentColor.colorset/Contents.json", "JSON", 11, 0, 0, 0, 0, 0, 0, 0, 0, 0, 1, 12
"/Users/tha/Desktop/uni/uog/Project/GIT/Code/ios/fyp/fyp/Assets.xcassets/AppIcon.appiconset/Contents.json", "JSON", 13, 0, 0, 0, 0, 0, 0, 0, 0, 0, 1, 14
"/Users/tha/Desktop/uni/uog/Project/GIT/Code/ios/fyp/fyp/Assets.xcassets/Contents.json", "JSON", 6, 0, 0, 0, 0, 0, 0, 0, 0, 0, 1, 7
"/Users/tha/Desktop/uni/uog/Project/GIT/Code/ios/fyp/fyp/Assets.xcassets/colors/Contents.json", "JSON", 6, 0, 0, 0, 0, 0, 0, 0, 0, 0, 1, 7
"/Users/tha/Desktop/uni/uog/Project/GIT/Code/ios/fyp/fyp/Assets.xcassets/colors/bg/Contents.json", "JSON", 6, 0, 0, 0, 0, 0, 0, 0, 0, 0, 1, 7
"/Users/tha/Desktop/uni/uog/Project/GIT/Code/ios/fyp/fyp/Assets.xcassets/colors/bg/bg-0.colorset/Contents.json", "JSON", 20, 0, 0, 0, 0, 0, 0, 0, 0, 0, 1, 21
"/Users/tha/Desktop/uni/uog/Project/GIT/Code/ios/fyp/fyp/Assets.xcassets/colors/bg/bg-1.colorset/Contents.json", "JSON", 20, 0, 0, 0, 0, 0, 0, 0, 0, 0, 1, 21
"/Users/tha/Desktop/uni/uog/Project/GIT/Code/ios/fyp/fyp/Assets.xcassets/colors/bg/bg-2.colorset/Contents.json", "JSON", 20, 0, 0, 0, 0, 0, 0, 0, 0, 0, 1, 21
"/Users/tha/Desktop/uni/uog/Project/GIT/Code/ios/fyp/fyp/Assets.xcassets/colors/bg/bg-3.colorset/Contents.json", "JSON", 20, 0, 0, 0, 0, 0, 0, 0, 0, 0, 1, 21
"/Users/tha/Desktop/uni/uog/Project/GIT/Code/ios/fyp/fyp/Assets.xcassets/colors/bg/bg-4.colorset/Contents.json", "JSON", 20, 0, 0, 0, 0, 0, 0, 0, 0, 0, 1, 21
"/Users/tha/Desktop/uni/uog/Project/GIT/Code/ios/fyp/fyp/Assets.xcassets/colors/bg/bg-5.colorset/Contents.json", "JSON", 20, 0, 0, 0, 0, 0, 0, 0, 0, 0, 1, 21
"/Users/tha/Desktop/uni/uog/Project/GIT/Code/ios/fyp/fyp/Assets.xcassets/colors/bg/bg-6.colorset/Contents.json", "JSON", 20, 0, 0, 0, 0, 0, 0, 0, 0, 0, 1, 21
"/Users/tha/Desktop/uni/uog/Project/GIT/Code/ios/fyp/fyp/Assets.xcassets/colors/danger/Contents.json", "JSON", 6, 0, 0, 0, 0, 0, 0, 0, 0, 0, 1, 7
"/Users/tha/Desktop/uni/uog/Project/GIT/Code/ios/fyp/fyp/Assets.xcassets/colors/danger/danger-0.colorset/Contents.json", "JSON", 20, 0, 0, 0, 0, 0, 0, 0, 0, 0, 1, 21
"/Users/tha/Desktop/uni/uog/Project/GIT/Code/ios/fyp/fyp/Assets.xcassets/colors/danger/danger-100.colorset/Contents.json", "JSON", 20, 0, 0, 0, 0, 0, 0, 0, 0, 0, 1, 21
"/Users/tha/Desktop/uni/uog/Project/GIT/Code/ios/fyp/fyp/Assets.xcassets/colors/danger/danger-200.colorset/Contents.json", "JSON", 20, 0, 0, 0, 0, 0, 0, 0, 0, 0, 1, 21
"/Users/tha/Desktop/uni/uog/Project/GIT/Code/ios/fyp/fyp/Assets.xcassets/colors/danger/danger-300.colorset/Contents.json", "JSON", 20, 0, 0, 0, 0, 0, 0, 0, 0, 0, 1, 21
"/Users/tha/Desktop/uni/uog/Project/GIT/Code/ios/fyp/fyp/Assets.xcassets/colors/danger/danger-400.colorset/Contents.json", "JSON", 20, 0, 0, 0, 0, 0, 0, 0, 0, 0, 1, 21
"/Users/tha/Desktop/uni/uog/Project/GIT/Code/ios/fyp/fyp/Assets.xcassets/colors/danger/danger-500.colorset/Contents.json", "JSON", 20, 0, 0, 0, 0, 0, 0, 0, 0, 0, 1, 21
"/Users/tha/Desktop/uni/uog/Project/GIT/Code/ios/fyp/fyp/Assets.xcassets/colors/danger/danger-600.colorset/Contents.json", "JSON", 20, 0, 0, 0, 0, 0, 0, 0, 0, 0, 1, 21
"/Users/tha/Desktop/uni/uog/Project/GIT/Code/ios/fyp/fyp/Assets.xcassets/colors/danger/danger-700.colorset/Contents.json", "JSON", 20, 0, 0, 0, 0, 0, 0, 0, 0, 0, 1, 21
"/Users/tha/Desktop/uni/uog/Project/GIT/Code/ios/fyp/fyp/Assets.xcassets/colors/danger/danger-800.colorset/Contents.json", "JSON", 20, 0, 0, 0, 0, 0, 0, 0, 0, 0, 1, 21
"/Users/tha/Desktop/uni/uog/Project/GIT/Code/ios/fyp/fyp/Assets.xcassets/colors/danger/danger-900.colorset/Contents.json", "JSON", 20, 0, 0, 0, 0, 0, 0, 0, 0, 0, 1, 21
"/Users/tha/Desktop/uni/uog/Project/GIT/Code/ios/fyp/fyp/Assets.xcassets/colors/misc/Contents.json", "JSON", 6, 0, 0, 0, 0, 0, 0, 0, 0, 0, 1, 7
"/Users/tha/Desktop/uni/uog/Project/GIT/Code/ios/fyp/fyp/Assets.xcassets/colors/misc/bg.colorset/Contents.json", "JSON", 20, 0, 0, 0, 0, 0, 0, 0, 0, 0, 1, 21
"/Users/tha/Desktop/uni/uog/Project/GIT/Code/ios/fyp/fyp/Assets.xcassets/colors/misc/border.colorset/Contents.json", "JSON", 20, 0, 0, 0, 0, 0, 0, 0, 0, 0, 1, 21
"/Users/tha/Desktop/uni/uog/Project/GIT/Code/ios/fyp/fyp/Assets.xcassets/colors/misc/clear.colorset/Contents.json", "JSON", 20, 0, 0, 0, 0, 0, 0, 0, 0, 0, 1, 21
"/Users/tha/Desktop/uni/uog/Project/GIT/Code/ios/fyp/fyp/Assets.xcassets/colors/misc/primary.colorset/Contents.json", "JSON", 20, 0, 0, 0, 0, 0, 0, 0, 0, 0, 1, 21
"/Users/tha/Desktop/uni/uog/Project/GIT/Code/ios/fyp/fyp/Assets.xcassets/colors/misc/text-white.colorset/Contents.json", "JSON", 20, 0, 0, 0, 0, 0, 0, 0, 0, 0, 1, 21
"/Users/tha/Desktop/uni/uog/Project/GIT/Code/ios/fyp/fyp/Assets.xcassets/colors/misc/text.colorset/Contents.json", "JSON", 20, 0, 0, 0, 0, 0, 0, 0, 0, 0, 1, 21
"/Users/tha/Desktop/uni/uog/Project/GIT/Code/ios/fyp/fyp/Assets.xcassets/colors/misc/transparent.colorset/Contents.json", "JSON", 20, 0, 0, 0, 0, 0, 0, 0, 0, 0, 1, 21
"/Users/tha/Desktop/uni/uog/Project/GIT/Code/ios/fyp/fyp/Assets.xcassets/colors/neutral/Contents.json", "JSON", 6, 0, 0, 0, 0, 0, 0, 0, 0, 0, 1, 7
"/Users/tha/Desktop/uni/uog/Project/GIT/Code/ios/fyp/fyp/Assets.xcassets/colors/neutral/neutral-0.colorset/Contents.json", "JSON", 20, 0, 0, 0, 0, 0, 0, 0, 0, 0, 1, 21
"/Users/tha/Desktop/uni/uog/Project/GIT/Code/ios/fyp/fyp/Assets.xcassets/colors/neutral/neutral-100.colorset/Contents.json", "JSON", 20, 0, 0, 0, 0, 0, 0, 0, 0, 0, 1, 21
"/Users/tha/Desktop/uni/uog/Project/GIT/Code/ios/fyp/fyp/Assets.xcassets/colors/neutral/neutral-200.colorset/Contents.json", "JSON", 20, 0, 0, 0, 0, 0, 0, 0, 0, 0, 1, 21
"/Users/tha/Desktop/uni/uog/Project/GIT/Code/ios/fyp/fyp/Assets.xcassets/colors/neutral/neutral-300.colorset/Contents.json", "JSON", 20, 0, 0, 0, 0, 0, 0, 0, 0, 0, 1, 21
"/Users/tha/Desktop/uni/uog/Project/GIT/Code/ios/fyp/fyp/Assets.xcassets/colors/neutral/neutral-400.colorset/Contents.json", "JSON", 20, 0, 0, 0, 0, 0, 0, 0, 0, 0, 1, 21
"/Users/tha/Desktop/uni/uog/Project/GIT/Code/ios/fyp/fyp/Assets.xcassets/colors/neutral/neutral-500.colorset/Contents.json", "JSON", 20, 0, 0, 0, 0, 0, 0, 0, 0, 0, 1, 21
"/Users/tha/Desktop/uni/uog/Project/GIT/Code/ios/fyp/fyp/Assets.xcassets/colors/neutral/neutral-600.colorset/Contents.json", "JSON", 20, 0, 0, 0, 0, 0, 0, 0, 0, 0, 1, 21
"/Users/tha/Desktop/uni/uog/Project/GIT/Code/ios/fyp/fyp/Assets.xcassets/colors/neutral/neutral-700.colorset/Contents.json", "JSON", 20, 0, 0, 0, 0, 0, 0, 0, 0, 0, 1, 21
"/Users/tha/Desktop/uni/uog/Project/GIT/Code/ios/fyp/fyp/Assets.xcassets/colors/neutral/neutral-800.colorset/Contents.json", "JSON", 20, 0, 0, 0, 0, 0, 0, 0, 0, 0, 1, 21
"/Users/tha/Desktop/uni/uog/Project/GIT/Code/ios/fyp/fyp/Assets.xcassets/colors/neutral/neutral-900.colorset/Contents.json", "JSON", 20, 0, 0, 0, 0, 0, 0, 0, 0, 0, 1, 21
"/Users/tha/Desktop/uni/uog/Project/GIT/Code/ios/fyp/fyp/Assets.xcassets/colors/primary/Contents.json", "JSON", 6, 0, 0, 0, 0, 0, 0, 0, 0, 0, 1, 7
"/Users/tha/Desktop/uni/uog/Project/GIT/Code/ios/fyp/fyp/Assets.xcassets/colors/primary/primary-0.colorset/Contents.json", "JSON", 20, 0, 0, 0, 0, 0, 0, 0, 0, 0, 1, 21
"/Users/tha/Desktop/uni/uog/Project/GIT/Code/ios/fyp/fyp/Assets.xcassets/colors/primary/primary-100.colorset/Contents.json", "JSON", 20, 0, 0, 0, 0, 0, 0, 0, 0, 0, 1, 21
"/Users/tha/Desktop/uni/uog/Project/GIT/Code/ios/fyp/fyp/Assets.xcassets/colors/primary/primary-200.colorset/Contents.json", "JSON", 20, 0, 0, 0, 0, 0, 0, 0, 0, 0, 1, 21
"/Users/tha/Desktop/uni/uog/Project/GIT/Code/ios/fyp/fyp/Assets.xcassets/colors/primary/primary-300.colorset/Contents.json", "JSON", 20, 0, 0, 0, 0, 0, 0, 0, 0, 0, 1, 21
"/Users/tha/Desktop/uni/uog/Project/GIT/Code/ios/fyp/fyp/Assets.xcassets/colors/primary/primary-400.colorset/Contents.json", "JSON", 20, 0, 0, 0, 0, 0, 0, 0, 0, 0, 1, 21
"/Users/tha/Desktop/uni/uog/Project/GIT/Code/ios/fyp/fyp/Assets.xcassets/colors/primary/primary-500.colorset/Contents.json", "JSON", 20, 0, 0, 0, 0, 0, 0, 0, 0, 0, 1, 21
"/Users/tha/Desktop/uni/uog/Project/GIT/Code/ios/fyp/fyp/Assets.xcassets/colors/primary/primary-600.colorset/Contents.json", "JSON", 20, 0, 0, 0, 0, 0, 0, 0, 0, 0, 1, 21
"/Users/tha/Desktop/uni/uog/Project/GIT/Code/ios/fyp/fyp/Assets.xcassets/colors/primary/primary-700.colorset/Contents.json", "JSON", 20, 0, 0, 0, 0, 0, 0, 0, 0, 0, 1, 21
"/Users/tha/Desktop/uni/uog/Project/GIT/Code/ios/fyp/fyp/Assets.xcassets/colors/primary/primary-800.colorset/Contents.json", "JSON", 20, 0, 0, 0, 0, 0, 0, 0, 0, 0, 1, 21
"/Users/tha/Desktop/uni/uog/Project/GIT/Code/ios/fyp/fyp/Assets.xcassets/colors/primary/primary-900.colorset/Contents.json", "JSON", 20, 0, 0, 0, 0, 0, 0, 0, 0, 0, 1, 21
"/Users/tha/Desktop/uni/uog/Project/GIT/Code/ios/fyp/fyp/Assets.xcassets/colors/sample.colorset/Contents.json", "JSON", 20, 0, 0, 0, 0, 0, 0, 0, 0, 0, 1, 21
"/Users/tha/Desktop/uni/uog/Project/GIT/Code/ios/fyp/fyp/Assets.xcassets/colors/success/Contents.json", "JSON", 6, 0, 0, 0, 0, 0, 0, 0, 0, 0, 1, 7
"/Users/tha/Desktop/uni/uog/Project/GIT/Code/ios/fyp/fyp/Assets.xcassets/colors/success/success-0.colorset/Contents.json", "JSON", 20, 0, 0, 0, 0, 0, 0, 0, 0, 0, 1, 21
"/Users/tha/Desktop/uni/uog/Project/GIT/Code/ios/fyp/fyp/Assets.xcassets/colors/success/success-100.colorset/Contents.json", "JSON", 20, 0, 0, 0, 0, 0, 0, 0, 0, 0, 1, 21
"/Users/tha/Desktop/uni/uog/Project/GIT/Code/ios/fyp/fyp/Assets.xcassets/colors/success/success-200.colorset/Contents.json", "JSON", 20, 0, 0, 0, 0, 0, 0, 0, 0, 0, 1, 21
"/Users/tha/Desktop/uni/uog/Project/GIT/Code/ios/fyp/fyp/Assets.xcassets/colors/success/success-300.colorset/Contents.json", "JSON", 20, 0, 0, 0, 0, 0, 0, 0, 0, 0, 1, 21
"/Users/tha/Desktop/uni/uog/Project/GIT/Code/ios/fyp/fyp/Assets.xcassets/colors/success/success-400.colorset/Contents.json", "JSON", 20, 0, 0, 0, 0, 0, 0, 0, 0, 0, 1, 21
"/Users/tha/Desktop/uni/uog/Project/GIT/Code/ios/fyp/fyp/Assets.xcassets/colors/success/success-500.colorset/Contents.json", "JSON", 20, 0, 0, 0, 0, 0, 0, 0, 0, 0, 1, 21
"/Users/tha/Desktop/uni/uog/Project/GIT/Code/ios/fyp/fyp/Assets.xcassets/colors/success/success-600.colorset/Contents.json", "JSON", 20, 0, 0, 0, 0, 0, 0, 0, 0, 0, 1, 21
"/Users/tha/Desktop/uni/uog/Project/GIT/Code/ios/fyp/fyp/Assets.xcassets/colors/success/success-700.colorset/Contents.json", "JSON", 20, 0, 0, 0, 0, 0, 0, 0, 0, 0, 1, 21
"/Users/tha/Desktop/uni/uog/Project/GIT/Code/ios/fyp/fyp/Assets.xcassets/colors/success/success-800.colorset/Contents.json", "JSON", 20, 0, 0, 0, 0, 0, 0, 0, 0, 0, 1, 21
"/Users/tha/Desktop/uni/uog/Project/GIT/Code/ios/fyp/fyp/Assets.xcassets/colors/success/success-900.colorset/Contents.json", "JSON", 20, 0, 0, 0, 0, 0, 0, 0, 0, 0, 1, 21
"/Users/tha/Desktop/uni/uog/Project/GIT/Code/ios/fyp/fyp/Assets.xcassets/colors/warning/Contents.json", "JSON", 6, 0, 0, 0, 0, 0, 0, 0, 0, 0, 1, 7
"/Users/tha/Desktop/uni/uog/Project/GIT/Code/ios/fyp/fyp/Assets.xcassets/colors/warning/warning-0.colorset/Contents.json", "JSON", 20, 0, 0, 0, 0, 0, 0, 0, 0, 0, 1, 21
"/Users/tha/Desktop/uni/uog/Project/GIT/Code/ios/fyp/fyp/Assets.xcassets/colors/warning/warning-100.colorset/Contents.json", "JSON", 20, 0, 0, 0, 0, 0, 0, 0, 0, 0, 1, 21
"/Users/tha/Desktop/uni/uog/Project/GIT/Code/ios/fyp/fyp/Assets.xcassets/colors/warning/warning-200.colorset/Contents.json", "JSON", 20, 0, 0, 0, 0, 0, 0, 0, 0, 0, 1, 21
"/Users/tha/Desktop/uni/uog/Project/GIT/Code/ios/fyp/fyp/Assets.xcassets/colors/warning/warning-300.colorset/Contents.json", "JSON", 20, 0, 0, 0, 0, 0, 0, 0, 0, 0, 1, 21
"/Users/tha/Desktop/uni/uog/Project/GIT/Code/ios/fyp/fyp/Assets.xcassets/colors/warning/warning-400.colorset/Contents.json", "JSON", 20, 0, 0, 0, 0, 0, 0, 0, 0, 0, 1, 21
"/Users/tha/Desktop/uni/uog/Project/GIT/Code/ios/fyp/fyp/Assets.xcassets/colors/warning/warning-500.colorset/Contents.json", "JSON", 20, 0, 0, 0, 0, 0, 0, 0, 0, 0, 1, 21
"/Users/tha/Desktop/uni/uog/Project/GIT/Code/ios/fyp/fyp/Assets.xcassets/colors/warning/warning-600.colorset/Contents.json", "JSON", 20, 0, 0, 0, 0, 0, 0, 0, 0, 0, 1, 21
"/Users/tha/Desktop/uni/uog/Project/GIT/Code/ios/fyp/fyp/Assets.xcassets/colors/warning/warning-700.colorset/Contents.json", "JSON", 20, 0, 0, 0, 0, 0, 0, 0, 0, 0, 1, 21
"/Users/tha/Desktop/uni/uog/Project/GIT/Code/ios/fyp/fyp/Assets.xcassets/colors/warning/warning-800.colorset/Contents.json", "JSON", 20, 0, 0, 0, 0, 0, 0, 0, 0, 0, 1, 21
"/Users/tha/Desktop/uni/uog/Project/GIT/Code/ios/fyp/fyp/Assets.xcassets/colors/warning/warning-900.colorset/Contents.json", "JSON", 20, 0, 0, 0, 0, 0, 0, 0, 0, 0, 1, 21
"/Users/tha/Desktop/uni/uog/Project/GIT/Code/ios/fyp/fyp/Assets.xcassets/icons/Contents.json", "JSON", 6, 0, 0, 0, 0, 0, 0, 0, 0, 0, 1, 7
"/Users/tha/Desktop/uni/uog/Project/GIT/Code/ios/fyp/fyp/Assets.xcassets/icons/icon.check.imageset/Contents.json", "JSON", 15, 0, 0, 0, 0, 0, 0, 0, 0, 0, 1, 16
"/Users/tha/Desktop/uni/uog/Project/GIT/Code/ios/fyp/fyp/Assets.xcassets/icons/icon.copy.imageset/Contents.json", "JSON", 12, 0, 0, 0, 0, 0, 0, 0, 0, 0, 1, 13
"/Users/tha/Desktop/uni/uog/Project/GIT/Code/ios/fyp/fyp/Assets.xcassets/icons/icon.external-link.imageset/Contents.json", "JSON", 12, 0, 0, 0, 0, 0, 0, 0, 0, 0, 1, 13
"/Users/tha/Desktop/uni/uog/Project/GIT/Code/ios/fyp/fyp/Assets.xcassets/icons/icon.eye-off.imageset/Contents.json", "JSON", 15, 0, 0, 0, 0, 0, 0, 0, 0, 0, 1, 16
"/Users/tha/Desktop/uni/uog/Project/GIT/Code/ios/fyp/fyp/Assets.xcassets/icons/icon.eye.imageset/Contents.json", "JSON", 15, 0, 0, 0, 0, 0, 0, 0, 0, 0, 1, 16
"/Users/tha/Desktop/uni/uog/Project/GIT/Code/ios/fyp/fyp/Assets.xcassets/icons/icon.lock.imageset/Contents.json", "JSON", 15, 0, 0, 0, 0, 0, 0, 0, 0, 0, 1, 16
"/Users/tha/Desktop/uni/uog/Project/GIT/Code/ios/fyp/fyp/Assets.xcassets/icons/icon.message-square-more.imageset/Contents.json", "JSON", 15, 0, 0, 0, 0, 0, 0, 0, 0, 0, 1, 16
"/Users/tha/Desktop/uni/uog/Project/GIT/Code/ios/fyp/fyp/Assets.xcassets/icons/icon.user.imageset/Contents.json", "JSON", 15, 0, 0, 0, 0, 0, 0, 0, 0, 0, 1, 16
"/Users/tha/Desktop/uni/uog/Project/GIT/Code/ios/fyp/fyp/Assets.xcassets/icons/tab/Contents.json", "JSON", 6, 0, 0, 0, 0, 0, 0, 0, 0, 0, 1, 7
"/Users/tha/Desktop/uni/uog/Project/GIT/Code/ios/fyp/fyp/Assets.xcassets/icons/tab/icon.tab.bell.imageset/Contents.json", "JSON", 12, 0, 0, 0, 0, 0, 0, 0, 0, 0, 1, 13
"/Users/tha/Desktop/uni/uog/Project/GIT/Code/ios/fyp/fyp/Assets.xcassets/icons/tab/icon.tab.calendar-days.imageset/Contents.json", "JSON", 12, 0, 0, 0, 0, 0, 0, 0, 0, 0, 1, 13
"/Users/tha/Desktop/uni/uog/Project/GIT/Code/ios/fyp/fyp/Assets.xcassets/icons/tab/icon.tab.layout-grid.imageset/Contents.json", "JSON", 12, 0, 0, 0, 0, 0, 0, 0, 0, 0, 1, 13
"/Users/tha/Desktop/uni/uog/Project/GIT/Code/ios/fyp/fyp/Assets.xcassets/icons/tab/icon.tab.user.imageset/Contents.json", "JSON", 12, 0, 0, 0, 0, 0, 0, 0, 0, 0, 1, 13
"/Users/tha/Desktop/uni/uog/Project/GIT/Code/ios/fyp/fyp/Base.lproj/LaunchScreen.storyboard", "XML", 0, 0, 49, 0, 0, 0, 0, 0, 0, 1, 1, 51
"/Users/tha/Desktop/uni/uog/Project/GIT/Code/ios/fyp/fyp/app/AppDelegate.swift", "Swift", 0, 0, 0, 36, 0, 0, 0, 0, 0, 14, 12, 62
"/Users/tha/Desktop/uni/uog/Project/GIT/Code/ios/fyp/fyp/app/SceneDelegate.swift", "Swift", 0, 0, 0, 29, 0, 0, 0, 0, 0, 22, 16, 67
"/Users/tha/Desktop/uni/uog/Project/GIT/Code/ios/fyp/fyp/extensions/+Ext.swift", "Swift", 0, 0, 0, 1, 0, 0, 0, 0, 0, 29, 5, 35
"/Users/tha/Desktop/uni/uog/Project/GIT/Code/ios/fyp/fyp/extensions/DateFormatter+Ext.swift", "Swift", 0, 0, 0, 15, 0, 0, 0, 0, 0, 6, 6, 27
"/Users/tha/Desktop/uni/uog/Project/GIT/Code/ios/fyp/fyp/extensions/ISO8601DateFormatter+Ext.swift", "Swift", 0, 0, 0, 15, 0, 0, 0, 0, 0, 6, 5, 26
"/Users/tha/Desktop/uni/uog/Project/GIT/Code/ios/fyp/fyp/extensions/Int+Ext.swift", "Swift", 0, 0, 0, 4, 0, 0, 0, 0, 0, 7, 3, 14
"/Users/tha/Desktop/uni/uog/Project/GIT/Code/ios/fyp/fyp/extensions/NibLoadable.swift", "Swift", 0, 0, 0, 102, 0, 0, 0, 0, 0, 6, 43, 151
"/Users/tha/Desktop/uni/uog/Project/GIT/Code/ios/fyp/fyp/extensions/UIApplication+Ext.swift", "Swift", 0, 0, 0, 18, 0, 0, 0, 0, 0, 6, 8, 32
"/Users/tha/Desktop/uni/uog/Project/GIT/Code/ios/fyp/fyp/extensions/UICollectionView+Ext.swift", "Swift", 0, 0, 0, 18, 0, 0, 0, 0, 0, 6, 6, 30
"/Users/tha/Desktop/uni/uog/Project/GIT/Code/ios/fyp/fyp/extensions/UITableView+Ext.swift", "Swift", 0, 0, 0, 31, 0, 0, 0, 0, 0, 6, 8, 45
"/Users/tha/Desktop/uni/uog/Project/GIT/Code/ios/fyp/fyp/extensions/UIView+Ext.swift", "Swift", 0, 0, 0, 44, 0, 0, 0, 0, 0, 6, 13, 63
"/Users/tha/Desktop/uni/uog/Project/GIT/Code/ios/fyp/fyp/extensions/UIViewController+Alert.swift", "Swift", 0, 0, 0, 21, 0, 0, 0, 0, 0, 6, 8, 35
"/Users/tha/Desktop/uni/uog/Project/GIT/Code/ios/fyp/fyp/extensions/UIViewController+Ext.swift", "Swift", 0, 0, 0, 10, 0, 0, 0, 0, 0, 8, 6, 24
"/Users/tha/Desktop/uni/uog/Project/GIT/Code/ios/fyp/fyp/lib/AnyJSON.swift", "Swift", 0, 0, 0, 89, 0, 0, 0, 0, 0, 20, 18, 127
"/Users/tha/Desktop/uni/uog/Project/GIT/Code/ios/fyp/fyp/main.swift", "Swift", 0, 0, 0, 7, 0, 0, 0, 0, 0, 6, 3, 16
"/Users/tha/Desktop/uni/uog/Project/GIT/Code/ios/fyp/fyp/src/controller/Attendance/AttendanceController.swift", "Swift", 0, 0, 0, 28, 0, 0, 0, 0, 0, 16, 12, 56
"/Users/tha/Desktop/uni/uog/Project/GIT/Code/ios/fyp/fyp/src/controller/Attendance/AttendanceController.xib", "XML", 0, 0, 94, 0, 0, 0, 0, 0, 0, 0, 1, 95
"/Users/tha/Desktop/uni/uog/Project/GIT/Code/ios/fyp/fyp/src/controller/AttendanceRequest/AttendanceRequestController.swift", "Swift", 0, 0, 0, 114, 0, 0, 0, 0, 0, 7, 28, 149
"/Users/tha/Desktop/uni/uog/Project/GIT/Code/ios/fyp/fyp/src/controller/AttendanceRequest/AttendanceRequestController.xib", "XML", 0, 0, 185, 0, 0, 0, 0, 0, 0, 0, 1, 186
"/Users/tha/Desktop/uni/uog/Project/GIT/Code/ios/fyp/fyp/src/controller/AttendanceRequestDetail/AttendanceRequestDetailController.swift", "Swift", 0, 0, 0, 96, 0, 0, 0, 0, 0, 9, 36, 141
"/Users/tha/Desktop/uni/uog/Project/GIT/Code/ios/fyp/fyp/src/controller/AttendanceRequestDetail/AttendanceRequestDetailController.xib", "XML", 0, 0, 276, 0, 0, 0, 0, 0, 0, 0, 1, 277
"/Users/tha/Desktop/uni/uog/Project/GIT/Code/ios/fyp/fyp/src/controller/BaseController/BaseController.swift", "Swift", 0, 0, 0, 66, 0, 0, 0, 0, 0, 8, 17, 91
"/Users/tha/Desktop/uni/uog/Project/GIT/Code/ios/fyp/fyp/src/controller/Dashboard/DashboardController.swift", "Swift", 0, 0, 0, 82, 0, 0, 0, 0, 0, 7, 18, 107
"/Users/tha/Desktop/uni/uog/Project/GIT/Code/ios/fyp/fyp/src/controller/Dashboard/DashboardController.xib", "XML", 0, 0, 258, 0, 0, 0, 0, 0, 0, 0, 1, 259
"/Users/tha/Desktop/uni/uog/Project/GIT/Code/ios/fyp/fyp/src/controller/DateSelection/DateSelectionController.swift", "Swift", 0, 0, 0, 32, 0, 0, 0, 0, 0, 7, 12, 51
"/Users/tha/Desktop/uni/uog/Project/GIT/Code/ios/fyp/fyp/src/controller/DateSelection/DateSelectionController.xib", "XML", 0, 0, 154, 0, 0, 0, 0, 0, 0, 0, 1, 155
"/Users/tha/Desktop/uni/uog/Project/GIT/Code/ios/fyp/fyp/src/controller/Inbox/InboxController.swift", "Swift", 0, 0, 0, 68, 0, 0, 0, 0, 0, 6, 21, 95
"/Users/tha/Desktop/uni/uog/Project/GIT/Code/ios/fyp/fyp/src/controller/Inbox/InboxController.xib", "XML", 0, 0, 79, 0, 0, 0, 0, 0, 0, 0, 1, 80
"/Users/tha/Desktop/uni/uog/Project/GIT/Code/ios/fyp/fyp/src/controller/Leave/LeaveController.swift", "Swift", 0, 0, 0, 47, 0, 0, 0, 0, 0, 6, 16, 69
"/Users/tha/Desktop/uni/uog/Project/GIT/Code/ios/fyp/fyp/src/controller/Leave/LeaveController.xib", "XML", 0, 0, 105, 0, 0, 0, 0, 0, 0, 0, 1, 106
"/Users/tha/Desktop/uni/uog/Project/GIT/Code/ios/fyp/fyp/src/controller/LeaveRequest/LeaveRequestController.swift", "Swift", 0, 0, 0, 144, 0, 0, 0, 0, 0, 6, 24, 174
"/Users/tha/Desktop/uni/uog/Project/GIT/Code/ios/fyp/fyp/src/controller/LeaveRequest/LeaveRequestController.xib", "XML", 0, 0, 189, 0, 0, 0, 0, 0, 0, 0, 1, 190
"/Users/tha/Desktop/uni/uog/Project/GIT/Code/ios/fyp/fyp/src/controller/LeaveRequestDetail/LeaveRequestDetailController.swift", "Swift", 0, 0, 0, 90, 0, 0, 0, 0, 0, 9, 34, 133
"/Users/tha/Desktop/uni/uog/Project/GIT/Code/ios/fyp/fyp/src/controller/LeaveRequestDetail/LeaveRequestDetailController.xib", "XML", 0, 0, 277, 0, 0, 0, 0, 0, 0, 0, 1, 278
"/Users/tha/Desktop/uni/uog/Project/GIT/Code/ios/fyp/fyp/src/controller/LoginController/LoginController.swift", "Swift", 0, 0, 0, 42, 0, 0, 0, 0, 0, 6, 14, 62
"/Users/tha/Desktop/uni/uog/Project/GIT/Code/ios/fyp/fyp/src/controller/LoginController/LoginController.xib", "XML", 0, 0, 132, 0, 0, 0, 0, 0, 0, 0, 1, 133
"/Users/tha/Desktop/uni/uog/Project/GIT/Code/ios/fyp/fyp/src/controller/ManagerSelection/ManagerSelectionController.swift", "Swift", 0, 0, 0, 63, 0, 0, 0, 0, 0, 9, 21, 93
"/Users/tha/Desktop/uni/uog/Project/GIT/Code/ios/fyp/fyp/src/controller/ManagerSelection/ManagerSelectionController.xib", "XML", 0, 0, 107, 0, 0, 0, 0, 0, 0, 0, 1, 108
"/Users/tha/Desktop/uni/uog/Project/GIT/Code/ios/fyp/fyp/src/controller/OvertimeRequest/OvertimeRequestController.swift", "Swift", 0, 0, 0, 104, 0, 0, 0, 0, 0, 16, 24, 144
"/Users/tha/Desktop/uni/uog/Project/GIT/Code/ios/fyp/fyp/src/controller/OvertimeRequest/OvertimeRequestController.xib", "XML", 0, 0, 165, 0, 0, 0, 0, 0, 0, 0, 1, 166
"/Users/tha/Desktop/uni/uog/Project/GIT/Code/ios/fyp/fyp/src/controller/OvertimeRequestDetail/OvertimeRequestDetailController.swift", "Swift", 0, 0, 0, 79, 0, 0, 0, 0, 0, 7, 29, 115
"/Users/tha/Desktop/uni/uog/Project/GIT/Code/ios/fyp/fyp/src/controller/OvertimeRequestDetail/OvertimeRequestDetailController.xib", "XML", 0, 0, 251, 0, 0, 0, 0, 0, 0, 0, 1, 252
"/Users/tha/Desktop/uni/uog/Project/GIT/Code/ios/fyp/fyp/src/controller/Overtimes/OvertimeController.swift", "Swift", 0, 0, 0, 40, 0, 0, 0, 0, 0, 8, 14, 62
"/Users/tha/Desktop/uni/uog/Project/GIT/Code/ios/fyp/fyp/src/controller/Overtimes/OvertimeController.xib", "XML", 0, 0, 102, 0, 0, 0, 0, 0, 0, 0, 1, 103
"/Users/tha/Desktop/uni/uog/Project/GIT/Code/ios/fyp/fyp/src/controller/ProfileController/ProfileController.swift", "Swift", 0, 0, 0, 87, 0, 0, 0, 0, 0, 6, 27, 120
"/Users/tha/Desktop/uni/uog/Project/GIT/Code/ios/fyp/fyp/src/controller/ProfileController/ProfileController.xib", "XML", 0, 0, 492, 0, 0, 0, 0, 0, 0, 0, 1, 493
"/Users/tha/Desktop/uni/uog/Project/GIT/Code/ios/fyp/fyp/src/controller/Selection/SelectionController.swift", "Swift", 0, 0, 0, 57, 0, 0, 0, 0, 0, 6, 23, 86
"/Users/tha/Desktop/uni/uog/Project/GIT/Code/ios/fyp/fyp/src/controller/Selection/SelectionController.xib", "XML", 0, 0, 94, 0, 0, 0, 0, 0, 0, 0, 1, 95
"/Users/tha/Desktop/uni/uog/Project/GIT/Code/ios/fyp/fyp/src/controller/SplashController/SplashController.swift", "Swift", 0, 0, 0, 16, 0, 0, 0, 0, 0, 6, 6, 28
"/Users/tha/Desktop/uni/uog/Project/GIT/Code/ios/fyp/fyp/src/controller/SplashController/SplashController.xib", "XML", 0, 0, 23, 0, 0, 0, 0, 0, 0, 0, 1, 24
"/Users/tha/Desktop/uni/uog/Project/GIT/Code/ios/fyp/fyp/src/model/LoginModel.swift", "Swift", 0, 0, 0, 34, 0, 0, 0, 0, 0, 7, 13, 54
"/Users/tha/Desktop/uni/uog/Project/GIT/Code/ios/fyp/fyp/src/model/UserModel.swift", "Swift", 0, 0, 0, 30, 0, 0, 0, 0, 0, 9, 8, 47
"/Users/tha/Desktop/uni/uog/Project/GIT/Code/ios/fyp/fyp/src/model/types/Attendance.swift", "Swift", 0, 0, 0, 22, 0, 0, 0, 0, 0, 6, 11, 39
"/Users/tha/Desktop/uni/uog/Project/GIT/Code/ios/fyp/fyp/src/model/types/AttendanceRequest.swift", "Swift", 0, 0, 0, 49, 0, 0, 0, 0, 0, 6, 16, 71
"/Users/tha/Desktop/uni/uog/Project/GIT/Code/ios/fyp/fyp/src/model/types/ItemGroup.swift", "Swift", 0, 0, 0, 18, 0, 0, 0, 0, 0, 6, 8, 32
"/Users/tha/Desktop/uni/uog/Project/GIT/Code/ios/fyp/fyp/src/model/types/LeaveRequest.swift", "Swift", 0, 0, 0, 39, 0, 0, 0, 0, 0, 15, 14, 68
"/Users/tha/Desktop/uni/uog/Project/GIT/Code/ios/fyp/fyp/src/model/types/LeaveType.swift", "Swift", 0, 0, 0, 8, 0, 0, 0, 0, 0, 6, 5, 19
"/Users/tha/Desktop/uni/uog/Project/GIT/Code/ios/fyp/fyp/src/model/types/Manager.swift", "Swift", 0, 0, 0, 18, 0, 0, 0, 0, 0, 7, 9, 34
"/Users/tha/Desktop/uni/uog/Project/GIT/Code/ios/fyp/fyp/src/model/types/NetworkTypeProxy.swift", "Swift", 0, 0, 0, 13, 0, 0, 0, 0, 0, 6, 9, 28
"/Users/tha/Desktop/uni/uog/Project/GIT/Code/ios/fyp/fyp/src/model/types/Noti.swift", "Swift", 0, 0, 0, 23, 0, 0, 0, 0, 0, 11, 12, 46
"/Users/tha/Desktop/uni/uog/Project/GIT/Code/ios/fyp/fyp/src/model/types/OTRequest.swift", "Swift", 0, 0, 0, 37, 0, 0, 0, 0, 0, 6, 10, 53
"/Users/tha/Desktop/uni/uog/Project/GIT/Code/ios/fyp/fyp/src/model/types/RequestStatus.swift", "Swift", 0, 0, 0, 6, 0, 0, 0, 0, 0, 6, 4, 16
"/Users/tha/Desktop/uni/uog/Project/GIT/Code/ios/fyp/fyp/src/model/types/TeamMember.swift", "Swift", 0, 0, 0, 28, 0, 0, 0, 0, 0, 6, 13, 47
"/Users/tha/Desktop/uni/uog/Project/GIT/Code/ios/fyp/fyp/src/model/types/User.swift", "Swift", 0, 0, 0, 16, 0, 0, 0, 0, 0, 6, 6, 28
"/Users/tha/Desktop/uni/uog/Project/GIT/Code/ios/fyp/fyp/src/view/AttendanceRecordListView/AttendanceRecordCell.swift", "Swift", 0, 0, 0, 9, 0, 0, 0, 0, 0, 6, 6, 21
"/Users/tha/Desktop/uni/uog/Project/GIT/Code/ios/fyp/fyp/src/view/AttendanceRecordListView/AttendanceRecordCell.xib", "XML", 0, 0, 71, 0, 0, 0, 0, 0, 0, 0, 1, 72
"/Users/tha/Desktop/uni/uog/Project/GIT/Code/ios/fyp/fyp/src/view/AttendanceRecordListView/AttendanceRecordListView.swift", "Swift", 0, 0, 0, 31, 0, 0, 0, 0, 0, 7, 14, 52
"/Users/tha/Desktop/uni/uog/Project/GIT/Code/ios/fyp/fyp/src/view/AttendanceRecordListView/AttendanceRecordListView.xib", "XML", 0, 0, 28, 0, 0, 0, 0, 0, 0, 0, 1, 29
"/Users/tha/Desktop/uni/uog/Project/GIT/Code/ios/fyp/fyp/src/view/AttendanceStatusView/AttendanceStatusView.swift", "Swift", 0, 0, 0, 104, 0, 0, 0, 0, 0, 6, 28, 138
"/Users/tha/Desktop/uni/uog/Project/GIT/Code/ios/fyp/fyp/src/view/AttendanceStatusView/AttendanceStatusView.xib", "XML", 0, 0, 198, 0, 0, 0, 0, 0, 0, 0, 1, 199
"/Users/tha/Desktop/uni/uog/Project/GIT/Code/ios/fyp/fyp/src/view/Avatar/Avatar.swift", "Swift", 0, 0, 0, 14, 0, 0, 0, 0, 0, 6, 6, 26
"/Users/tha/Desktop/uni/uog/Project/GIT/Code/ios/fyp/fyp/src/view/Avatar/Avatar.xib", "XML", 0, 0, 55, 0, 0, 0, 0, 0, 0, 0, 1, 56
"/Users/tha/Desktop/uni/uog/Project/GIT/Code/ios/fyp/fyp/src/view/CheckBox/CheckBox.swift", "Swift", 0, 0, 0, 27, 0, 0, 0, 0, 0, 6, 9, 42
"/Users/tha/Desktop/uni/uog/Project/GIT/Code/ios/fyp/fyp/src/view/CheckBox/CheckBox.xib", "XML", 0, 0, 88, 0, 0, 0, 0, 0, 0, 0, 1, 89
"/Users/tha/Desktop/uni/uog/Project/GIT/Code/ios/fyp/fyp/src/view/CurrentLocationView/CurrentLocationView.swift", "Swift", 0, 0, 0, 59, 0, 0, 0, 0, 0, 7, 18, 84
"/Users/tha/Desktop/uni/uog/Project/GIT/Code/ios/fyp/fyp/src/view/CurrentLocationView/CurrentLocationView.xib", "XML", 0, 0, 110, 0, 0, 0, 0, 0, 0, 0, 1, 111
"/Users/tha/Desktop/uni/uog/Project/GIT/Code/ios/fyp/fyp/src/view/DayView/DayView.swift", "Swift", 0, 0, 0, 11, 0, 0, 0, 0, 0, 15, 8, 34
"/Users/tha/Desktop/uni/uog/Project/GIT/Code/ios/fyp/fyp/src/view/DayView/DayView.xib", "XML", 0, 0, 54, 0, 0, 0, 0, 0, 0, 0, 1, 55
"/Users/tha/Desktop/uni/uog/Project/GIT/Code/ios/fyp/fyp/src/view/FilledButton/FilledButton.swift", "Swift", 0, 0, 0, 40, 0, 0, 0, 0, 0, 7, 12, 59
"/Users/tha/Desktop/uni/uog/Project/GIT/Code/ios/fyp/fyp/src/view/LeaveTypeListView/LeaveTypeListItemCell.swift", "Swift", 0, 0, 0, 5, 0, 0, 0, 0, 0, 6, 5, 16
"/Users/tha/Desktop/uni/uog/Project/GIT/Code/ios/fyp/fyp/src/view/LeaveTypeListView/LeaveTypeListItemCell.xib", "XML", 0, 0, 83, 0, 0, 0, 0, 0, 0, 0, 1, 84
"/Users/tha/Desktop/uni/uog/Project/GIT/Code/ios/fyp/fyp/src/view/LeaveTypeListView/LeaveTypeListView.swift", "Swift", 0, 0, 0, 54, 0, 0, 0, 0, 0, 13, 19, 86
"/Users/tha/Desktop/uni/uog/Project/GIT/Code/ios/fyp/fyp/src/view/LeaveTypeListView/LeaveTypeListView.xib", "XML", 0, 0, 47, 0, 0, 0, 0, 0, 0, 0, 1, 48
"/Users/tha/Desktop/uni/uog/Project/GIT/Code/ios/fyp/fyp/src/view/ManagerSelectionCell/ManagerSelectionCell.swift", "Swift", 0, 0, 0, 24, 0, 0, 0, 0, 0, 7, 8, 39
"/Users/tha/Desktop/uni/uog/Project/GIT/Code/ios/fyp/fyp/src/view/ManagerSelectionCell/ManagerSelectionCell.xib", "XML", 0, 0, 107, 0, 0, 0, 0, 0, 0, 0, 1, 108
"/Users/tha/Desktop/uni/uog/Project/GIT/Code/ios/fyp/fyp/src/view/MyLeaveRequestListView/MyLeaveRequestListCell.swift", "Swift", 0, 0, 0, 16, 0, 0, 0, 0, 0, 6, 6, 28
"/Users/tha/Desktop/uni/uog/Project/GIT/Code/ios/fyp/fyp/src/view/MyLeaveRequestListView/MyLeaveRequestListCell.xib", "XML", 0, 0, 130, 0, 0, 0, 0, 0, 0, 0, 1, 131
"/Users/tha/Desktop/uni/uog/Project/GIT/Code/ios/fyp/fyp/src/view/MyLeaveRequestListView/MyLeaveRequestListView.swift", "Swift", 0, 0, 0, 55, 0, 0, 0, 0, 0, 6, 23, 84
"/Users/tha/Desktop/uni/uog/Project/GIT/Code/ios/fyp/fyp/src/view/MyLeaveRequestListView/MyLeaveRequestListView.xib", "XML", 0, 0, 28, 0, 0, 0, 0, 0, 0, 0, 1, 29
"/Users/tha/Desktop/uni/uog/Project/GIT/Code/ios/fyp/fyp/src/view/NavBarView/NavBarView.swift", "Swift", 0, 0, 0, 13, 0, 0, 0, 0, 0, 6, 7, 26
"/Users/tha/Desktop/uni/uog/Project/GIT/Code/ios/fyp/fyp/src/view/NavBarView/NavBarView.xib", "XML", 0, 0, 103, 0, 0, 0, 0, 0, 0, 0, 1, 104
"/Users/tha/Desktop/uni/uog/Project/GIT/Code/ios/fyp/fyp/src/view/NotificationCell/NotificationCell.swift", "Swift", 0, 0, 0, 35, 0, 0, 0, 0, 0, 7, 10, 52
"/Users/tha/Desktop/uni/uog/Project/GIT/Code/ios/fyp/fyp/src/view/NotificationCell/NotificationCell.xib", "XML", 0, 0, 133, 0, 0, 0, 0, 0, 0, 0, 1, 134
"/Users/tha/Desktop/uni/uog/Project/GIT/Code/ios/fyp/fyp/src/view/OvertimeHistoryView/OvertimeHistoryItemCell.swift", "Swift", 0, 0, 0, 17, 0, 0, 0, 0, 0, 6, 6, 29
"/Users/tha/Desktop/uni/uog/Project/GIT/Code/ios/fyp/fyp/src/view/OvertimeHistoryView/OvertimeHistoryItemCell.xib", "XML", 0, 0, 100, 0, 0, 0, 0, 0, 0, 0, 1, 101
"/Users/tha/Desktop/uni/uog/Project/GIT/Code/ios/fyp/fyp/src/view/OvertimeHistoryView/OvertimeHistoryView.swift", "Swift", 0, 0, 0, 44, 0, 0, 0, 0, 0, 6, 15, 65
"/Users/tha/Desktop/uni/uog/Project/GIT/Code/ios/fyp/fyp/src/view/OvertimeHistoryView/OvertimeHistoryView.xib", "XML", 0, 0, 28, 0, 0, 0, 0, 0, 0, 0, 1, 29
"/Users/tha/Desktop/uni/uog/Project/GIT/Code/ios/fyp/fyp/src/view/OvertimeStatusView/OvertimeStatusView.swift", "Swift", 0, 0, 0, 18, 0, 0, 0, 0, 0, 6, 7, 31
"/Users/tha/Desktop/uni/uog/Project/GIT/Code/ios/fyp/fyp/src/view/OvertimeStatusView/OvertimeStatusView.xib", "XML", 0, 0, 148, 0, 0, 0, 0, 0, 0, 0, 1, 149
"/Users/tha/Desktop/uni/uog/Project/GIT/Code/ios/fyp/fyp/src/view/SelectBox/SelectBox.swift", "Swift", 0, 0, 0, 69, 0, 0, 0, 0, 0, 22, 18, 109
"/Users/tha/Desktop/uni/uog/Project/GIT/Code/ios/fyp/fyp/src/view/SelectBox/SelectBox.xib", "XML", 0, 0, 145, 0, 0, 0, 0, 0, 0, 0, 1, 146
"/Users/tha/Desktop/uni/uog/Project/GIT/Code/ios/fyp/fyp/src/view/SelectionCell/SelectionCell.swift", "Swift", 0, 0, 0, 20, 0, 0, 0, 0, 0, 7, 10, 37
"/Users/tha/Desktop/uni/uog/Project/GIT/Code/ios/fyp/fyp/src/view/SelectionCell/SelectionCell.xib", "XML", 0, 0, 66, 0, 0, 0, 0, 0, 0, 0, 1, 67
"/Users/tha/Desktop/uni/uog/Project/GIT/Code/ios/fyp/fyp/src/view/TableTitleHeader/TableTitleHeader.swift", "Swift", 0, 0, 0, 7, 0, 0, 0, 0, 0, 6, 5, 18
"/Users/tha/Desktop/uni/uog/Project/GIT/Code/ios/fyp/fyp/src/view/TableTitleHeader/TableTitleHeader.xib", "XML", 0, 0, 48, 0, 0, 0, 0, 0, 0, 0, 1, 49
"/Users/tha/Desktop/uni/uog/Project/GIT/Code/ios/fyp/fyp/src/view/TeamCell/TeamCell.swift", "Swift", 0, 0, 0, 33, 0, 0, 0, 0, 0, 6, 7, 46
"/Users/tha/Desktop/uni/uog/Project/GIT/Code/ios/fyp/fyp/src/view/TeamCell/TeamCell.xib", "XML", 0, 0, 93, 0, 0, 0, 0, 0, 0, 0, 1, 94
"/Users/tha/Desktop/uni/uog/Project/GIT/Code/ios/fyp/fyp/src/view/TeamListView/TeamListView.swift", "Swift", 0, 0, 0, 27, 0, 0, 0, 0, 0, 6, 11, 44
"/Users/tha/Desktop/uni/uog/Project/GIT/Code/ios/fyp/fyp/src/view/TeamListView/TeamListView.xib", "XML", 0, 0, 28, 0, 0, 0, 0, 0, 0, 0, 1, 29
"/Users/tha/Desktop/uni/uog/Project/GIT/Code/ios/fyp/fyp/src/view/TextBox/TextBox.swift", "Swift", 0, 0, 0, 33, 0, 0, 0, 0, 0, 10, 9, 52
"/Users/tha/Desktop/uni/uog/Project/GIT/Code/ios/fyp/fyp/src/view/TextBox/TextBox.xib", "XML", 0, 0, 95, 0, 0, 0, 0, 0, 0, 0, 1, 96
"/Users/tha/Desktop/uni/uog/Project/GIT/Code/ios/fyp/fyp/src/view/TextField/TextField.swift", "Swift", 0, 0, 0, 79, 0, 0, 0, 0, 0, 10, 20, 109
"/Users/tha/Desktop/uni/uog/Project/GIT/Code/ios/fyp/fyp/src/view/TextField/TextField.xib", "XML", 0, 0, 132, 0, 0, 0, 0, 0, 0, 0, 1, 133
"/Users/tha/Desktop/uni/uog/Project/GIT/Code/ios/fyp/fyp/src/view/TitleView/TitleView.swift", "Swift", 0, 0, 0, 13, 0, 0, 0, 0, 0, 6, 7, 26
"/Users/tha/Desktop/uni/uog/Project/GIT/Code/ios/fyp/fyp/src/view/TitleView/TitleView.xib", "XML", 0, 0, 44, 0, 0, 0, 0, 0, 0, 0, 1, 45
"/Users/tha/Desktop/uni/uog/Project/GIT/Code/ios/fyp/fyp/src/viewmodel/DateVM.swift", "Swift", 0, 0, 0, 27, 0, 0, 0, 0, 0, 8, 12, 47
"/Users/tha/Desktop/uni/uog/Project/GIT/Code/ios/fyp/fyp/src/viewmodel/ManagerVM.swift", "Swift", 0, 0, 0, 47, 0, 0, 0, 0, 0, 13, 16, 76
"/Users/tha/Desktop/uni/uog/Project/GIT/Code/ios/fyp/fyp/src/viewmodel/NotificationVM.swift", "Swift", 0, 0, 0, 27, 0, 0, 0, 0, 0, 6, 13, 46
"/Users/tha/Desktop/uni/uog/Project/GIT/Code/ios/fyp/fyp/src/viewmodel/OptionsVM.swift", "Swift", 0, 0, 0, 28, 0, 0, 0, 0, 0, 8, 11, 47
"/Users/tha/Desktop/uni/uog/Project/GIT/Code/ios/fyp/fyp/src/viewmodel/TeamVM.swift", "Swift", 0, 0, 0, 16, 0, 0, 0, 0, 0, 6, 8, 30
"/Users/tha/Desktop/uni/uog/Project/GIT/Code/ios/fyp/fyp/src/viewmodel/UserVM.swift", "Swift", 0, 0, 0, 19, 0, 0, 0, 0, 0, 7, 8, 34
"/Users/tha/Desktop/uni/uog/Project/GIT/Code/ios/fyp/fyp/src/viewmodel/attendance/AttendanceRequestDetailVM.swift", "Swift", 0, 0, 0, 15, 0, 0, 0, 0, 0, 6, 10, 31
"/Users/tha/Desktop/uni/uog/Project/GIT/Code/ios/fyp/fyp/src/viewmodel/attendance/AttendanceVM.swift", "Swift", 0, 0, 0, 32, 0, 0, 0, 0, 0, 6, 13, 51
"/Users/tha/Desktop/uni/uog/Project/GIT/Code/ios/fyp/fyp/src/viewmodel/attendance/RequestAttendanceVM.swift", "Swift", 0, 0, 0, 35, 0, 0, 0, 0, 0, 6, 8, 49
"/Users/tha/Desktop/uni/uog/Project/GIT/Code/ios/fyp/fyp/src/viewmodel/attendance/RespondAttendanceVM.swift", "Swift", 0, 0, 0, 26, 0, 0, 0, 0, 0, 7, 10, 43
"/Users/tha/Desktop/uni/uog/Project/GIT/Code/ios/fyp/fyp/src/viewmodel/leave/LeaveRequestDetailVM.swift", "Swift", 0, 0, 0, 15, 0, 0, 0, 0, 0, 6, 8, 29
"/Users/tha/Desktop/uni/uog/Project/GIT/Code/ios/fyp/fyp/src/viewmodel/leave/LeaveVM.swift", "Swift", 0, 0, 0, 34, 0, 0, 0, 0, 0, 6, 12, 52
"/Users/tha/Desktop/uni/uog/Project/GIT/Code/ios/fyp/fyp/src/viewmodel/leave/RequestLeaveVM.swift", "Swift", 0, 0, 0, 36, 0, 0, 0, 0, 0, 12, 12, 60
"/Users/tha/Desktop/uni/uog/Project/GIT/Code/ios/fyp/fyp/src/viewmodel/leave/RespondLeaveVM.swift", "Swift", 0, 0, 0, 26, 0, 0, 0, 0, 0, 15, 11, 52
"/Users/tha/Desktop/uni/uog/Project/GIT/Code/ios/fyp/fyp/src/viewmodel/overtime/MyOTRequestsVM.swift", "Swift", 0, 0, 0, 17, 0, 0, 0, 0, 0, 6, 8, 31
"/Users/tha/Desktop/uni/uog/Project/GIT/Code/ios/fyp/fyp/src/viewmodel/overtime/MyOTVM.swift", "Swift", 0, 0, 0, 26, 0, 0, 0, 0, 0, 6, 12, 44
"/Users/tha/Desktop/uni/uog/Project/GIT/Code/ios/fyp/fyp/src/viewmodel/overtime/OTRequestDetailVM.swift", "Swift", 0, 0, 0, 23, 0, 0, 0, 0, 0, 6, 9, 38
"/Users/tha/Desktop/uni/uog/Project/GIT/Code/ios/fyp/fyp/src/viewmodel/overtime/RequestOvertimeVM.swift", "Swift", 0, 0, 0, 29, 0, 0, 0, 0, 0, 6, 8, 43
"/Users/tha/Desktop/uni/uog/Project/GIT/Code/ios/fyp/fyp/src/viewmodel/overtime/RespondOTVM.swift", "Swift", 0, 0, 0, 26, 0, 0, 0, 0, 0, 6, 10, 42
"/Users/tha/Desktop/uni/uog/Project/GIT/Code/ios/fyp/fyp/src/viewmodel/types/StatusVM.swift", "Swift", 0, 0, 0, 19, 0, 0, 0, 0, 0, 6, 8, 33
"/Users/tha/Desktop/uni/uog/Project/GIT/Code/ios/fyp/fyp/utils/fn.swift", "Swift", 0, 0, 0, 9, 0, 0, 0, 0, 0, 14, 6, 29
"/Users/tha/Desktop/uni/uog/Project/GIT/Code/package-lock.json", "JSON", 31, 0, 0, 0, 0, 0, 0, 0, 0, 0, 1, 32
"/Users/tha/Desktop/uni/uog/Project/GIT/Code/package.json", "JSON", 5, 0, 0, 0, 0, 0, 0, 0, 0, 0, 1, 6
"/Users/tha/Desktop/uni/uog/Project/GIT/Code/test/test.js", "JavaScript", 0, 2, 0, 0, 0, 0, 0, 0, 0, 0, 0, 2
"Total", "-", 3528, 2600, 5198, 4411, 56, 15, 6, 3, 1725, 1445, 2240, 21227